<?xml version="1.0" encoding="UTF-8"?>
<configuration xmlns="http://www.jooq.org/xsd/jooq-codegen-3.15.0.xsd">
   <!-- Configure the database connection here. -->
   <jdbc>
      <driver>org.postgresql.Driver</driver>
      <url>jdbc:postgresql://localhost:5432/classicmodels</url>
      <user>postgres</user>
      <password>root</password>
   </jdbc>
   <generator>
      <!-- The default code generator. 
           You can override this one, to generate your own code style.
                                     
           Supported generators:                                
           - org.jooq.codegen.JavaGenerator
           - org.jooq.codegen.ScalaGenerator
           - org.jooq.codegen.KotlinGenerator
                               
           Defaults to org.jooq.codegen.JavaGenerator -->
      <name>org.jooq.codegen.JavaGenerator</name>
        
      <database>                            
         <!-- The database type. The format here is:
         org.jooq.meta.[database].[database]Database -->
         <name>org.jooq.meta.postgres.PostgresDatabase</name>
            
         <!-- The database schema (or in the absence of schema support, in your RDBMS this
         can be the owner, user, database name) to be generated. This cannot be combined with the <schemata/> element.                                     
         If <inputSchema/> is missing then all schemas will be considered. -->
         <inputSchema>public</inputSchema>                 
            
         <!-- All elements that are generated from your schema
        (A Java regular expression. Use the pipe to separate several expressions)
         Watch out for case-sensitivity. Depending on your database, this might be important! 
         You can create case-insensitive regular expressions using this syntax: (?i:expr).
         Whitespace is ignored and comments are possible. -->       
         <includes>.*</includes>
            
         <!-- Schema version provider -->            
         <schemaVersionProvider>SELECT MAX("version") FROM "flyway_schema_history"</schemaVersionProvider>
            
         <!-- All elements that are excluded from your schema
         (A Java regular expression. Use the pipe to separate several expressions).
          Excludes match before includes, i.e. excludes have a higher priority. -->
          <excludes>
              flyway_schema_history | akeys | avals | defined | delete.*
            | department_topic_arr | dup | employee_office_arr | exist.*
            | fetchval | get_.* | ghstore.* | gin.* | hs.* | hstore.* 
            | isdefined | isexists | make_array | new_salary | populate_record 
            | sale_price | slice.* | swap | tconvert | update_msrp 
            | evaluation_criteria | rate_type | vat_type | .*_master | each 
            | skeys | svals | top_three_sales_per_employee | product_of_product_line
          </excludes>
                                    
          <!-- Give enough time to jOOQ to trigger the queries needed for generating sources 
          (default is 5 seconds) -->
          <logSlowQueriesAfterSeconds>20</logSlowQueriesAfterSeconds>
      </database>
      <target>
          <!-- The destination package of your generated classes (within the destination directory).
           jOOQ may append the schema name to this package if generating multiple schemas,
           e.g. org.jooq.your.packagename.schema1
           org.jooq.your.packagename.schema2 -->                                    
           <packageName>jooq.generated</packageName>
           <!-- The destination directory of your generated classes. Using Maven directory layout here -->
           <directory>./jooq/generated-sources</directory>
      </target>
   </generator>
</configuration>