<?xml version="1.0" encoding="UTF-8"?>
<configuration xmlns="http://www.jooq.org/xsd/jooq-codegen-3.15.0.xsd">
   <!-- Configure the database connection here. -->
   <jdbc>
      <driver>oracle.jdbc.driver.OracleDriver</driver>
      <url>jdbc:oracle:thin:@localhost:1521:xe</url>
      <user>CLASSICMODELS</user>
      <password>root</password>
   </jdbc>
   <generator>
      <!-- The default code generator. 
           You can override this one, to generate your own code style.
                                     
           Supported generators:                                
           - org.jooq.codegen.JavaGenerator
           - org.jooq.codegen.ScalaGenerator
           - org.jooq.codegen.KotlinGenerator
                               
           Defaults to org.jooq.codegen.JavaGenerator -->
      <name>org.jooq.codegen.JavaGenerator</name>
        
      <database>                            
         <!-- The database type. The format here is:
         org.jooq.meta.[database].[database]Database -->
         <name>org.jooq.meta.oracle.OracleDatabase</name>
            
         <!-- The database schema (or in the absence of schema support, in your RDBMS this
         can be the owner, user, database name) to be generated. This cannot be combined with the <schemata/> element.                                     
         If <inputSchema/> is missing then all schemas will be considered. -->
         <inputSchema>CLASSICMODELS</inputSchema>
            
         <!-- All elements that are generated from your schema
        (A Java regular expression. Use the pipe to separate several expressions)
         Watch out for case-sensitivity. Depending on your database, this might be important! 
         You can create case-insensitive regular expressions using this syntax: (?i:expr).
         Whitespace is ignored and comments are possible. -->       
         <includes>.*</includes>
            
         <!-- Schema version provider -->            
         <schemaVersionProvider>SELECT MAX("version") FROM "flyway_schema_history"</schemaVersionProvider>
            
         <!-- All elements that are excluded from your schema
         (A Java regular expression. Use the pipe to separate several expressions).
          Excludes match before includes, i.e. excludes have a higher priority. -->
          <excludes>
              flyway_schema_history | DEPARTMENT_PKG | GET_.*
            | CARD_COMMISSION | PRODUCT_OF_PRODUCT_LINE
            | REFRESH_TOP3_PRODUCT | SALE_PRICE | SECOND_MAX
            | SET_COUNTER | SWAP | TOP_THREE_SALES_PER_EMPLOYEE
            | EVALUATION_CRITERIA | SECOND_MAX_IMPL | TABLE_.*_OBJ
            | .*_MASTER | BGT | .*_ARR | TABLE_POPL | TABLE_RES
          </excludes>
                                    
          <!-- Give enough time to jOOQ to trigger the queries needed for generating sources 
          (default is 5 seconds) -->
          <logSlowQueriesAfterSeconds>20</logSlowQueriesAfterSeconds>
      </database>
      <target>
          <!-- The destination package of your generated classes (within the destination directory).
           jOOQ may append the schema name to this package if generating multiple schemas,
           e.g. org.jooq.your.packagename.schema1
           org.jooq.your.packagename.schema2 -->                                    
           <packageName>jooq.generated</packageName>
           <!-- The destination directory of your generated classes. Using Maven directory layout here -->
           <directory>./jooq/generated-sources</directory>
      </target>
   </generator>
</configuration>